{
  "project_info": {
    "project_number": "757467573747",
    "project_id": "asl-tutor-92012",
    "storage_bucket": "asl-tutor-92012.firebasestorage.app"
  },
  "client": [
    {
      "client_info": {
        "mobilesdk_app_id": "1:757467573747:android:50d254757059325980f686",
        "android_client_info": {
          "package_name": "com.example.asl_tutor"
        }
      },
      "oauth_client": [],
      "api_key": [
        {
          "current_key": "AIzaSyAYzZW6ZFhUOSc495Ux7zhki4VpV-is1Is"
        }
      ],
      "services": {
        "appinvite_service": {
          "other_platform_oauth_client": []
        }
      }
    }
  ],
  "configuration_version": "1"
}